Format,Storage_MB,Filter_Time,Aggregation_Time
Parquet,9.005659103393555,0.004006385803222656,0.003999948501586914
ORC,18.0319881439209,0.0030066967010498047,0.0
Avro,21.13314723968506,0.007999658584594727,0.008527994155883789
